{"IcoMoonType":"selection","icons":[{"icon":{"paths":["M316 658l-60-60 256-256 256 256-60 60-196-196z"],"attrs":[{}],"isMulticolor":false,"isMulticolor2":false,"tags":["keyboard_arrow_up"],"grid":24},"attrs":[{}],"properties":{"order":1,"id":0,"name":"keyboard_arrow_up","prevSize":24,"code":59660},"setIdx":0,"setId":4,"iconIdx":0},{"icon":{"paths":["M780.501 481.835l-225.835 225.835v-494.336c0-23.552-19.115-42.667-42.667-42.667s-42.667 19.115-42.667 42.667v494.336l-225.835-225.835c-16.683-16.683-43.691-16.683-60.331 0s-16.683 43.691 0 60.331l298.667 298.667c3.925 3.925 8.619 7.083 13.824 9.259 10.453 4.309 22.229 4.309 32.683 0 5.035-2.091 9.728-5.163 13.824-9.259l298.667-298.667c16.683-16.683 16.683-43.691 0-60.331s-43.691-16.683-60.331 0z"],"attrs":[{}],"isMulticolor":false,"isMulticolor2":false,"tags":["arrow-down"],"grid":24},"attrs":[{}],"properties":{"order":1,"id":1,"name":"arrow-down","prevSize":24,"code":59661},"setIdx":1,"setId":3,"iconIdx":0}],"height":1024,"metadata":{"name":"icomoon"},"preferences":{"showGlyphs":true,"showQuickUse":true,"showQuickUse2":true,"showSVGs":true,"fontPref":{"prefix":"icon-","metadata":{"fontFamily":"icomoon"},"metrics":{"emSize":1024,"baseline":6.25,"whitespace":50},"embed":false},"imagePref":{"prefix":"icon-","png":true,"useClassSelector":true,"color":0,"bgColor":16777215,"classSelector":".icon"},"historySize":50,"showCodes":true,"gridSize":16,"showGrid":false}}